{
    "Diffusion": 0.009999999776482582,
    "Iterations": 5,
    "Size": 128,
    "Spawners": [
        {
            "Position": [
                63,
                63,
                63
            ],
            "Texture": 5,
            "Value": 2.0
        },
        {
            "Position": [
                63,
                63,
                63
            ],
            "Texture": 0,
            "Value": 1.0
        }
    ],
    "Viscosity": 0.009999999776482582
}