{
    "Diffusion": 0.009999999776482582,
    "Iterations": 5,
    "Size": 128,
    "Spawners": [
        {
            "Position": [
                63,
                74,
                63
            ],
            "Texture": 1,
            "Value": 3.0
        },
        {
            "Position": [
                63,
                76,
                63
            ],
            "Texture": 5,
            "Value": 3.0
        },
        {
            "Position": [
                27,
                93,
                63
            ],
            "Texture": 0,
            "Value": 8.0
        }
    ],
    "Viscosity": 0.009999999776482582
}