{
    "diffusion": 0.12800000607967377,
    "iterations": 7,
    "size": 128,
    "spawners": [
        {
            "position": [
                63,
                63,
                63
            ],
            "texture": 5,
            "value": 300.0
        },
        {
            "position": [
                63,
                63,
                63
            ],
            "texture": 0,
            "value": 1.0
        },
        {
            "position": [
                63,
                18,
                63
            ],
            "texture": 1,
            "value": 2.0
        },
        {
            "position": [
                126,
                99,
                63
            ],
            "texture": 0,
            "value": -2.0
        }
    ],
    "viscosity": 0.009999999776482582
}