{
    "diffusion": 0.12800000607967377,
    "iterations": 5,
    "size": 128,
    "spawners": [
        {
            "position": [
                63,
                63,
                63
            ],
            "texture": 5,
            "value": 132.0
        },
        {
            "position": [
                63,
                63,
                63
            ],
            "texture": 0,
            "value": 9.0
        },
        {
            "position": [
                63,
                18,
                63
            ],
            "texture": 1,
            "value": 8.0
        },
        {
            "position": [
                126,
                68,
                65
            ],
            "texture": 0,
            "value": 65.0
        }
    ],
    "viscosity": 0.009999999776482582
}