{
    "Diffusion": 0.12800000607967377,
    "Iterations": 5,
    "Size": 128,
    "Spawners": [
        {
            "Position": [
                63,
                63,
                63
            ],
            "Texture": 5,
            "Value": 132.0
        },
        {
            "Position": [
                63,
                63,
                63
            ],
            "Texture": 0,
            "Value": 9.0
        },
        {
            "Position": [
                63,
                18,
                63
            ],
            "Texture": 1,
            "Value": 8.0
        },
        {
            "Position": [
                126,
                68,
                65
            ],
            "Texture": 0,
            "Value": 65.0
        }
    ],
    "Viscosity": 0.009999999776482582
}