{
    "Diffusion": 0.12800000607967377,
    "Iterations": 7,
    "Size": 128,
    "Spawners": [
        {
            "Position": [
                63,
                63,
                63
            ],
            "Texture": 5,
            "Value": 2.0
        },
        {
            "Position": [
                63,
                126,
                63
            ],
            "Texture": 1,
            "Value": -1.0
        },
        {
            "Position": [
                51,
                1,
                63
            ],
            "Texture": 1,
            "Value": 1.0
        },
        {
            "Position": [
                79,
                1,
                63
            ],
            "Texture": 1,
            "Value": 1.0
        }
    ],
    "Viscosity": 0.009999999776482582
}